"","sum_exp","sum_ctr"
"1",510.097,823.698
"2",807.537,604.399
"3",873.630999999999,456.795000000001
"4",900.632000000001,433.902999999999
"5",493.737,721.198
"6",484.735,839.098
